课文,年级,作者,题型,题干,选项A,选项B,选项C,选项D,答案,解析
观潮,四年级上册,周密,选择题,钱塘江大潮自古以来被称为？,天下奇观,世界奇景,天下第一潮,人间胜景,A,课文开篇即写道“钱塘江大潮，自古以来被称为天下奇观”，这是全文的总起句。
观潮,四年级上册,周密,选择题,课文按什么顺序描写钱塘江大潮？,由远及近的空间顺序,潮来前、潮来时、潮头过后的时间顺序,先分后总的结构,由内而外的观察顺序,B,全文按时间顺序展开：潮来前—潮来时—潮头过后，条理清晰，层次分明。
观潮,四年级上册,周密,判断题,“江潮还没有来，海塘大堤上早已人山人海。”这句话从侧面烘托了大潮的吸引力。,,,,,正确,这是侧面描写：人山人海说明大潮声名远播，为正面描写大潮蓄势。
观潮,四年级上册,周密,判断题,课文中的“闷雷滚动”“越来越大”“山崩地裂”三个词描写的都是潮来时的声音。,,,,,正确,这三个词按声音由小到大、由远及近排列，写出了潮声的层次与气势。
观潮,四年级上册,周密,填空题,潮来时，那条白线很快地向我们移来，逐渐拉长，变粗，横贯江面。再近些，只见（　）翻滚，形成一堵两丈多高的水墙。,,,,,白浪,填“白浪”。画线部分以“水墙”喻浪，写出潮头之高、来势之猛。
观潮,四年级上册,周密,填空题,“霎时，潮头奔腾西去，可是余波还在漫天卷地般涌来。”句中“霎时”的意思是（　）。,,,,,一会儿|一瞬间|转眼间,“霎时”表示极短的时间。理解近义词有助于体会潮头退去之快。多个可接受答案用竖线分隔。
观潮,四年级上册,周密,简答题,作者写潮来时的景象用了哪些比喻？请至少写出两处，并说说这样写的好处。,,,,,示例：把潮水比作“一条白线”“一堵水墙”，写出潮头的形态与高度；把潮声比作“闷雷滚动”“山崩地裂”，写出潮声的轰鸣。好处：把难以言传的声势化为可感的形象，让读者仿佛身临其境，突出大潮的雄伟壮观。,答题要“先找出比喻句，再说表达效果”，结构为“本体＋喻体＋作用”。
观潮,四年级上册,周密,简答题,“钱塘江大潮，自古以来被称为天下奇观。”这句话在全文中起什么作用？,,,,,示例：这是全文的总起句。“天下奇观”高度概括了大潮的特点，点明题旨；“自古以来”说明其声名久远。下文对潮来前、潮来时、潮头过后的描写都围绕“奇观”展开，因此这句还起到统领全文、引出下文的作用。,考查首句的作用，应从内容概括与结构统领两个角度作答。
走月亮,四年级上册,吴然,选择题,《走月亮》的作者是？,巴金,吴然,冰心,叶圣陶,B,吴然，儿童文学作家，《走月亮》选自他的散文集。
走月亮,四年级上册,吴然,填空题,秋天的夜晚，月亮升起来了，从（　）那边升起来了。,,,,,洱海,课文开篇句。洱海在云南大理，“我”和阿妈就是在洱海边走月亮。
走月亮,四年级上册,吴然,判断题,“啊，我和阿妈走月亮！”这句话在课文中反复出现，抒发了“我”和阿妈之间的浓浓亲情。,,,,,正确,这句话在文中出现四次，像一条线索贯穿全文，反复咏叹，情感真挚。
走月亮,四年级上册,吴然,简答题,“啊，我和阿妈走月亮！”在文中反复出现，有什么表达效果？,,,,,示例：这句话反复出现四次，像一条线索串联全文，抒发了“我”和阿妈走月亮时无比幸福、快乐的感受，表达了母女之间浓浓的亲情。,答题要点：指出反复的手法、串联结构的作用、抒发的情感。
